{
"rashu":"https://github.com/NipunHarshana0715/database-rashu/raw/refs/heads/main/autovoice/PTT-20250101-WA0651.opus",
"hi":"https://github.com/NipunHarshana0715/database-rashu/raw/refs/heads/main/autovoice/Hi-Vlreply.mp3",
"ponnaya":"https://github.com/NipunHarshana0715/database-rashu/raw/refs/heads/main/autovoice/Ponnaya.opus.mp3",
"Hmm":"https://github.com/NipunHarshana0715/database-rashu/raw/refs/heads/main/autovoice/Hmmm-Reply.mp3",
"Pakayo":"https://github.com/NipunHarshana0715/database-rashu/raw/refs/heads/main/autovoice/Pakayo.mp3",
".alive":"https://files.catbox.moe/9ow13m.mp3",
".menu":"https://files.catbox.moe/9ow13m.mp3",
"Sula":"https://files.catbox.moe/9ow13m.mp3",
"Vanna Pojira":"https://files.catbox.moe/owqoan.mp3"
}
