{
"Hi":"*~හායිම් කෝමද ඔයාට 💗⃝🙈⃝🌼~*",
"Mk":"*මොනා කරන්නද අනේ ඔහේ ඉන්නවා🧏‍♂️*\n\n`මොකද කරන්නෙ ඔයා💗🙈`",
"Mn":"*Mn කියන්නෙ ඇයි මොකුත් නෑ කියන්න බෑද ළමයෝ 🙈🌼*",
"Hmm":"*මොකද බස්සෙක් වෙන්න ඕනි වෙලාද හලූ ඔයාත 🫣💗*",
"Manika":"*අලේ 🙃 මම ඒකට ආතයි💗🥰*\n\n*ඉතිම් කියන්නකො මැනික 🙃🙈💗*",
"Gn":"*Good Night ලස්සන ළමයෝ* 🌸💖\n\n> පරිස්සමෙන් ඉන්න 😘",
"Good Night":"*Good Night ලස්සන ළමයෝ* 🌸💖\n\n> පරිස්සමෙන් ඉන්න 😘",
"Gm":"🍀⃝ගුට් මෝනිම් සුදූ🌼⃝⃕🥇̶⃮⃖😻̶᭄",
"Bye":"*හා හා යන්නකු මම ආයෙ ඔය ළමයා එක්ක කතා කලන්නෙ නෑ නෑ නෑ නෑ නෑමයි☹️*\n\n\nටිකක් වෙලා ඉන්නවකු අනේ😫💗",
"Good Morning":"🍀⃝⃕ගුට්මෝනිම් සුදු🥇̶⃮⃖😻̶᭄",
"Ai":"*ඇයි උබ ඇයි ඇයි ගාන්නේ මෝඩයා*",
"sududa":"*අනේ මෝඩයෝ මම ලන්කාවේ ඒකනිසා මගේ කොහොමද පු# සුදුවෙන්නේ කියපන්කෝ*",
"Rashu":"*අහ් රශූ අයියා 🙈*\n\n\n\n* ඒක නෙවේ ඔයා දන්නවද වැඩක් QUEEN-RASHU-MD බොට් Owner එයා නෙ අනේ 🙈💗*",
"Bot":"I Am *𝐒𝐔𝐋𝐀-𝐌𝐃* Whatsapp User Bot Sri Lanka 🇱🇰",
"Sula":"*ඔයා Sula ව දන්නේ නැද්ද අනේ එයා තමා Sula-MD එකේ Owner😈*\n\n\n*එයා හරි ලස්සන ලමයෙක් හලෝ🖤😋*",
"Bs":"*බුදු සරණයි එහෙනම් ඔයාටත්💗🥰🌼*",
"pi":"*හ්ම්ම්ම්🥺 ඔයත් පරිස්සමින් ඉන්න හොදද හොද ළමයා වගේ💗🥰🌼*",
"Ponnaya":"*මම පොන්නයෙක් උනානම් අද උබ ඉපදිලත් නෑ 😹*\n\n\n*අඩෝ උබ උබේ තාත්තටයි පොන්නය කිව්වෙ කියලා මතක තියාගනිම් උබ අවජාතකයෙක් බන්*😅",
"sex":"*අසහන කාරයා😹 ගිහින් වැලක් බලලා නිදාගනිම්*",
"ewpn":"*වීඩියෝ එකද ඕනි බන් Play Story එකෙන් Status Dawnload App එක ගනිම් කො 😒 වැඩේ ලේසීනේ*",
"ewannako":"මට බැ 😹!",
"Alex":"අප්පෝ නෑ මම එයා ගැන මොකුත් කියන්නේ නෑ",
"sorry":"*වැරැද්දක් කරලා සොරි කියන පුරුද්ද අමතක කරගන්න හරිද😒*",
"😂":"ඇයි හිනා වෙන්නෙ *ගුලියක්වත් කෑවද😹*",
"🖕":"මෙන්න *නගින්නේ නැති* නන්ගි මල්ලි කෙනෙක්\n\n🖕🖕🖕🖕🖕🖕🖕🖕🖕🖕\n\n*තාත්තා පොන්නයාද*",
"👍":"`එලම` *පිට් තමා ඈ*",
"කෑවද බන්":"හු##ක් කෑවා උබ කෑවද",
"kawada ban":"හු##ක් කෑවා උබ කෑවද",
"I Love You":"*I Miss You Baby🥺💗*",
"pakaya":"*අනේ මේ තෝ පකයා😹*",
"hutto":"හුත්තො මුත්තො ගාගෙන නම් එන්න එපා හුත්තෝ *තෝ තමා වේස හුත්තා😹*",
"Wesi":"*කෙල්ලෙක්ට එහෙම කියන්න එපා උබටත් අම්මෙක්/සහෝදරියක් ඉන්නවා නේද එයාලට කවුරු හරි ඔහොම කීවොත් උබට කොහොම දැනෙයිද ඒක නිසා හොදට හිතපන්*",
"Support":"_SUPPORT BY_ `𝐒𝐔𝐋𝐀-𝐌𝐃` _CREATING_\n\n\n\n*SPECIAL THANKS*\n\n\n`Queen Rashu-MD Owner`\n\n`And`\n\n`Sahan Methnada`\n\n\n𝗧𝗛𝗔𝗡𝗞𝗦 𝗙𝗢𝗥 𝗢𝗧𝗛𝗘𝗥 𝗙𝗥𝗘𝗡𝗗𝗦\n\n\n\n> *🄿🄾🅆🄴🅁🄳 🅱🆈 𝐒𝐔𝐋𝐀-𝐌𝐃 😈*"
}
